{"train/loss_cls": 0.08752671621739865, "train/loss_bbox": 0.16782048776745795, "train/loss_dir": 0.016416532061994074, "train/loss": 0.2717637354135513, "train/grad_norm": 0.7002964174747467, "learning_rate": 0.008460189390828102, "momentum": 0.8653982600743197, "_timestamp": 1669232343.9399042, "_runtime": 15905.43755531311, "_step": 54872, "val/KITTI/Car_3D_AP11_easy_strict": 77.86041534910045, "val/KITTI/Car_BEV_AP11_easy_strict": 89.29494945249296, "val/KITTI/Car_2D_AP11_easy_strict": 90.4221071151866, "val/KITTI/Car_3D_AP11_moderate_strict": 71.58514258117955, "val/KITTI/Car_BEV_AP11_moderate_strict": 83.50761490086008, "val/KITTI/Car_2D_AP11_moderate_strict": 87.85077955263084, "val/KITTI/Car_3D_AP11_hard_strict": 67.2157144432182, "val/KITTI/Car_BEV_AP11_hard_strict": 79.32274224203293, "val/KITTI/Car_2D_AP11_hard_strict": 84.80832783472223, "val/KITTI/Car_3D_AP11_easy_loose": 90.64021838911682, "val/KITTI/Car_BEV_AP11_easy_loose": 90.64021838911682, "val/KITTI/Car_2D_AP11_easy_loose": 90.4221071151866, "val/KITTI/Car_3D_AP11_moderate_loose": 89.39603251061743, "val/KITTI/Car_BEV_AP11_moderate_loose": 89.59416811850812, "val/KITTI/Car_2D_AP11_moderate_loose": 87.85077955263084, "val/KITTI/Car_3D_AP11_hard_loose": 88.30631075515032, "val/KITTI/Car_BEV_AP11_hard_loose": 88.83136063610581, "val/KITTI/Car_2D_AP11_hard_loose": 84.80832783472223, "val/KITTI/Car_3D_AP40_easy_strict": 81.46514922286117, "val/KITTI/Car_BEV_AP40_easy_strict": 91.98060822575931, "val/KITTI/Car_2D_AP40_easy_strict": 93.34569044195294, "val/KITTI/Car_3D_AP40_moderate_strict": 71.97859023635613, "val/KITTI/Car_BEV_AP40_moderate_strict": 85.59592930263709, "val/KITTI/Car_2D_AP40_moderate_strict": 88.92116444488846, "val/KITTI/Car_3D_AP40_hard_strict": 67.73995982783156, "val/KITTI/Car_BEV_AP40_hard_strict": 83.09413210560284, "val/KITTI/Car_2D_AP40_hard_strict": 86.17241798268492, "val/KITTI/Car_3D_AP40_easy_loose": 95.71957560096793, "val/KITTI/Car_BEV_AP40_easy_loose": 95.77531466521414, "val/KITTI/Car_2D_AP40_easy_loose": 93.34569044195294, "val/KITTI/Car_3D_AP40_moderate_loose": 91.98447021781921, "val/KITTI/Car_BEV_AP40_moderate_loose": 93.61433333977581, "val/KITTI/Car_2D_AP40_moderate_loose": 88.92116444488846, "val/KITTI/Car_3D_AP40_hard_loose": 89.3990099678673, "val/KITTI/Car_BEV_AP40_hard_loose": 90.9563040888013, "val/KITTI/Car_2D_AP40_hard_loose": 86.17241798268492, "_wandb": {"runtime": 15927}}